filename,chroma_stft,rmse,spectral_centroid,spectral_bandwidth,rolloff,zero_crossing_rate,mfcc1,mfcc2,mfcc3,mfcc4,mfcc5,mfcc6,mfcc7,mfcc8,mfcc9,mfcc10,mfcc11,mfcc12,mfcc13,mfcc14,mfcc15,mfcc16,mfcc17,mfcc18,mfcc19,mfcc20,label
131836,1.3733066320419312,-1.033562421798706,-2.05543851852417,-3.7311086654663086,-1.273557424545288,-2.7105486392974854,-2.326505184173584,-3.3537192344665527,-1.8230732679367065,-2.4434428215026855,-1.7795714139938354,-2.2567622661590576,-1.0755311250686646,-1.8644522428512573,-1.1154377460479736,artifact
artifact__201105040918.wav,0.6064006686210632,0.00040580431232228875,5135.728316965194,2591.9715950626555,7890.975480227126,0.48187570473582475,-751.3179931640625,30.394989013671875,-5.215451717376709,-1.7577048540115356,-5.620837211608887,-0.7202062606811523,-2.56575083732605,0.9266349673271179,-4.905145168304443,0.8594909310340881,-6.025051593780518,1.5352892875671387,-4.555821895599365,1.6755871772766113,-4.233866214752197,1.029024362564087,-4.000687122344971,1.571823239326477,-3.0447158813476562,1.603354811668396,artifact
artifact__201105041959.wav,0.7124015092849731,0.0006649335264228284,4140.214880009366,2958.6982907455367,7847.04885581105,0.36513621536726804,-559.9100341796875,36.2596435546875,-14.033873558044434,-2.9417471885681152,-11.077895164489746,-2.0581002235412598,-9.397989273071289,0.9571040868759155,-7.584061622619629,0.6729322075843811,-7.666497707366943,1.5647107362747192,-6.228029251098633,2.5918078422546387,-5.049004077911377,2.8391613960266113,-4.632350444793701,2.8613626956939697,-4.344580173492432,1.966747522354126,artifact
artifact__201105051017.wav,0.488145649433136,0.014485159888863564,2244.7611967457515,2283.059735436144,4644.70636426788,0.1044909290431701,-293.75048828125,104.19850158691406,-13.733098983764648,20.386310577392578,-14.902124404907227,-3.167678117752075,-16.00013542175293,-3.97929310798645,-9.661100387573242,-7.0552520751953125,-11.207670211791992,-3.6896886825561523,-9.185965538024902,-1.0362457036972046,-5.822994709014893,-1.0637516975402832,-6.595941066741943,0.5070685148239136,-5.990455150604248,0.2665676772594452,artifact
artifact__201105060108.wav,0.5423102378845215,0.019588211551308632,2374.0033573854994,2469.5097278355724,5076.202895960857,0.12787054002899484,-291.8414611816406,96.27110290527344,-12.591883659362793,9.577147483825684,-4.885220527648926,2.829982280731201,-8.985430717468262,-5.78734016418457,-9.185468673706055,-2.8436288833618164,-11.454289436340332,-7.193227291107178,-7.839371204376221,-0.6562074422836304,-8.951468467712402,-5.079321384429932,-7.815306186676025,-1.6190290451049805,-3.9294559955596924,0.3694782555103302,artifact
artifact__201105061143.wav,0.5261947512626648,0.003043278818950057,4931.1037613318995,2300.4160593137494,7059.6162461742915,0.45193072446842786,-645.303466796875,49.530574798583984,-17.567968368530273,15.60306167602539,1.3741236925125122,6.575153350830078,-3.179814338684082,5.667055130004883,-4.559329509735107,1.206994891166687,-3.785100221633911,-0.15503667294979095,-5.105791091918945,-0.6971501111984253,-4.066132545471191,-1.8886274099349976,-6.561407089233398,-4.25192928314209,-4.57584810256958,-1.1657418012619019,artifact
artifact__201105190800.wav,0.6384536623954773,0.002486957935616374,3757.8708102655664,2472.2872888302218,6429.492565037049,0.31599221770296393,-531.0277099609375,61.4774284362793,-24.34091567993164,6.5820512771606445,-6.11797571182251,-0.22432681918144226,-11.239717483520508,-1.4585659503936768,-7.8461737632751465,-3.538989543914795,-8.387128829956055,0.39852797985076904,-4.139559268951416,0.3152998089790344,-2.8659119606018066,1.9852418899536133,-4.614804744720459,0.3398422598838806,-2.431351661682129,1.2358771562576294,artifact
artifact__201105280851.wav,0.6197145581245422,0.0871591567993164,1757.3151920488042,2028.7021103687314,3807.0481133215208,0.07602337709407217,-261.4573059082031,119.58995819091797,-2.568596839904785,36.90780258178711,-6.573848724365234,7.535085201263428,7.880315780639648,-5.018906593322754,-0.21263369917869568,1.8477414846420288,-7.033146381378174,-2.034925937652588,-5.2705488204956055,-4.734362602233887,-4.254139423370361,-5.9304962158203125,-4.944845676422119,-2.6526055335998535,-6.223941802978516,-2.556687355041504,artifact
artifact__201106010559.wav,0.5165338516235352,0.008035967126488686,2804.733073948651,2575.424433954939,5776.64247493154,0.14971735059600516,-370.76904296875,81.0006332397461,-4.041987419128418,12.017740249633789,-15.874063491821289,2.9225683212280273,-19.03386688232422,-3.3918991088867188,-14.813579559326172,-6.405300617218018,-9.383552551269531,-1.9035333395004272,-4.831531524658203,-0.9269276857376099,-4.4685282707214355,0.5927149057388306,-6.550210475921631,-1.065893530845642,-5.271459102630615,0.5791597366333008,artifact
artifact__201106010602.wav,0.7406681180000305,0.35124436020851135,3684.991936221536,2643.8725463289343,6840.676848421392,0.2831238422197165,87.82079315185547,39.86056137084961,-27.875272750854492,15.03713607788086,-11.732137680053711,2.836615800857544,-8.820771217346191,1.6924196481704712,-9.194750785827637,0.09568770974874496,-4.338914394378662,2.292328119277954,-4.057136058807373,3.103898286819458,-2.644500732421875,1.149407982826233,-4.990528106689453,0.9455836415290833,-5.192319393157959,1.5416309833526611,artifact
artifact__201106021541.wav,0.45579078793525696,0.005519190803170204,4468.812525715867,2478.185633127846,7010.583810707957,0.3873454615012887,-502.0081787109375,54.972415924072266,-5.014801979064941,-4.848206520080566,-10.91171932220459,3.196739673614502,0.4814743399620056,0.2266414314508438,-10.177536964416504,-3.4659180641174316,-2.615144968032837,-0.1377657800912857,-3.469233274459839,-1.0883461236953735,-3.2494733333587646,-2.3296213150024414,-3.2682034969329834,0.018041236326098442,-2.008699655532837,-0.32772186398506165,artifact
artifact__201106030612.wav,0.5264164805412292,0.01752864010632038,4860.157477622831,2047.754069361672,6739.837080178801,0.4607323715367268,-498.70166015625,76.62179565429688,-5.376490116119385,-4.009827613830566,-0.3378291130065918,0.7859490513801575,-1.6774917840957642,-1.5099201202392578,-4.359844207763672,-2.9346282482147217,-3.343554973602295,-2.6394174098968506,-3.5589675903320312,-1.8517861366271973,-3.1294329166412354,-3.4591588973999023,-4.216968536376953,-2.573216199874878,-2.9465367794036865,-1.215520977973938,artifact
artifact__201106031558.wav,0.43937113881111145,0.011983429081737995,2252.403626096039,1997.797885968229,3976.899577661888,0.16639819587628865,-457.0981140136719,109.10637664794922,8.135046005249023,18.176660537719727,7.80681037902832,4.329421043395996,2.147674798965454,0.10628753155469894,-5.831718921661377,-5.566012382507324,-5.782360076904297,-4.035531044006348,-7.298889636993408,-6.239841938018799,-7.982260227203369,-5.057867527008057,-3.2123374938964844,-3.18255615234375,-5.450083255767822,-2.517305850982666,artifact
artifact__201106040722.wav,0.11575811356306076,0.5590764284133911,1410.094814375428,864.7458702046229,1845.6951967219716,0.10314438023518041,-243.99134826660156,117.39153289794922,-18.053821563720703,-35.10647964477539,-19.07594871520996,29.365827560424805,49.362850189208984,36.2146110534668,-8.067583084106445,-40.74745178222656,-22.001373291015625,21.511638641357422,24.20185089111328,-6.949325084686279,-19.60247230529785,-10.225334167480469,-11.908172607421875,-5.535004138946533,11.000855445861816,10.602055549621582,artifact
artifact__201106040933.wav,0.6501946449279785,0.023372793570160866,2388.9060317875,2101.9298704798516,4557.935325386598,0.1851416519007732,-390.95184326171875,96.4039306640625,-3.8520307540893555,8.294769287109375,-0.9432555437088013,-0.7304524183273315,-6.001643657684326,-1.9533532857894897,-6.755520820617676,-5.010765075683594,-7.604423522949219,-4.703713417053223,-6.750279426574707,-3.626385450363159,-5.683850288391113,-3.745973587036133,-5.580314636230469,-2.1896610260009766,-3.5694031715393066,-1.9953213930130005,artifact
artifact__201106040947.wav,0.6540707945823669,0.03478303551673889,1764.8120702731503,1765.8353235397474,3429.6065812258375,0.15597062258376287,-399.8850402832031,126.73163604736328,3.1666457653045654,8.367172241210938,7.266448020935059,7.161149024963379,0.8006731271743774,0.6234003305435181,-2.841007709503174,-3.292280435562134,-5.428168773651123,-4.034668445587158,-5.8121867179870605,-3.9334206581115723,-4.987709045410156,-3.163353443145752,-4.648983001708984,-3.546123743057251,-4.445318698883057,-3.1149826049804688,artifact
artifact__201106041452.wav,0.6234659552574158,0.3652125597000122,2747.258106598651,2460.640360116732,5444.820254610986,0.12208415552512887,9.762036323547363,78.31414794921875,-26.378786087036133,13.426140785217285,-5.876560688018799,2.1314871311187744,-8.591157913208008,-0.6045864224433899,-7.460939884185791,-3.045938491821289,-7.801224231719971,3.2888851165771484,-3.665024995803833,1.2688084840774536,-2.7085120677948,1.6794986724853516,-3.6259212493896484,0.7429570555686951,-1.503148078918457,2.537041664123535,artifact
artifact__201106050353.wav,0.39984944462776184,0.006181585602462292,2259.88896215001,1753.981583314216,3360.733629993557,0.18565636074420103,-477.67626953125,135.8931884765625,-10.47519302368164,5.320662498474121,-9.819920539855957,1.9691678285598755,-6.770021915435791,-0.8914617300033569,-6.365326404571533,-2.6434671878814697,-4.2478928565979,1.2842262983322144,-5.20648717880249,-4.5863566398620605,-3.869027614593506,0.2616473436355591,0.28293395042419434,2.363503932952881,-2.0429911613464355,-0.17133116722106934,artifact
artifact__201106061233.wav,0.7618850469589233,0.14397281408309937,707.914259438123,1539.7779247564451,1256.0017693903028,0.008879671391752577,-342.1763916015625,93.23334503173828,35.862464904785156,36.216163635253906,26.0808048248291,24.866790771484375,24.232938766479492,14.396875381469727,13.433633804321289,16.874794006347656,13.195828437805176,9.454366683959961,11.181109428405762,10.393579483032227,5.844951629638672,10.72643756866455,6.555912017822266,6.344289779663086,7.08565616607666,5.681406021118164,artifact
artifact__201106070537.wav,0.3647097051143646,0.00985100120306015,2124.53973614094,1826.0282647609615,3786.7358650128867,0.14183815238402062,-339.36920166015625,109.29255676269531,-51.07508850097656,31.114957809448242,-18.679059982299805,-4.122077941894531,-8.878531455993652,3.0247457027435303,-4.893028259277344,-1.2080234289169312,-22.453481674194336,-6.201108932495117,-5.657402038574219,0.5292995572090149,-13.11194133758545,1.7885947227478027,-7.605749607086182,-4.2174482345581055,-5.855965614318848,4.714841365814209,artifact
artifact__201106070949.wav,0.6690160632133484,0.3574690818786621,2923.377734025507,2372.978875343457,5545.049545445393,0.17093619120489692,50.96759796142578,73.04805755615234,-35.273521423339844,13.554784774780273,-12.946467399597168,0.04791291058063507,-7.260052680969238,0.992759644985199,-5.654507637023926,1.636154055595398,-6.220480442047119,0.9078802466392517,-4.763775825500488,0.6300063133239746,-5.143239974975586,0.4439837336540222,-3.7777442932128906,2.2957382202148438,-3.317005157470703,0.9586772918701172,artifact
artifact__201106101314.wav,0.5256376266479492,0.03230369836091995,1988.6528597442205,1757.9168078255498,3776.718485724066,0.12665864610180413,-203.4168243408203,120.06574249267578,-59.5373649597168,27.77181625366211,-29.227088928222656,-4.515185356140137,-24.95181655883789,-3.743962287902832,-7.533763885498047,-8.2935791015625,-12.093981742858887,-3.7484822273254395,-10.708740234375,-3.246487617492676,-4.905186653137207,-2.2687814235687256,-7.728748321533203,-4.445680141448975,-8.002117156982422,-3.840071439743042,artifact
artifact__201106101955.wav,0.7754794359207153,0.2591629922389984,3716.831063394989,2622.2104366527356,6852.7476517195555,0.3008089360502577,1.2025561332702637,47.660911560058594,-27.032377243041992,9.52603530883789,-7.21971321105957,2.752873659133911,-5.117402076721191,2.3757896423339844,-3.475165367126465,1.889802098274231,-2.7016217708587646,2.230438232421875,-2.4213104248046875,2.841599225997925,-2.482351541519165,1.895370602607727,-1.8504563570022583,1.8823883533477783,-2.3127527236938477,2.5280187129974365,artifact
artifact__201106110909.wav,0.6527524590492249,0.041265446692705154,2215.3096188396507,2198.072152245795,4359.530167727126,0.1588109596488402,-340.9981384277344,97.30128479003906,-9.879409790039062,3.806063652038574,-7.322620391845703,4.213113784790039,-5.166253566741943,-0.709150493144989,-4.311325550079346,-2.7803964614868164,-7.727471828460693,-4.172815799713135,-6.367171287536621,-4.128284454345703,-6.450751781463623,-4.97231912612915,-5.44352912902832,-4.115943431854248,-4.836966514587402,-4.296392440795898,artifact
artifact__201106111119.wav,0.14152616262435913,0.3442208170890808,4808.304875066343,1686.283342811368,5707.38103807587,0.42231168451997425,-281.91473388671875,6.907151222229004,15.21599292755127,4.099254608154297,-12.309406280517578,-9.612805366516113,-15.496705055236816,-10.19228744506836,-33.23854446411133,7.2259440422058105,-17.84994125366211,8.625648498535156,-8.754474639892578,21.14599609375,15.6110200881958,24.41172218322754,-13.327948570251465,-9.350423812866211,-10.439056396484375,-4.937766075134277,artifact
artifact__201106121242.wav,0.2700083255767822,0.237313911318779,850.452819176306,1144.663768189945,1563.2661485180413,0.023317946601159795,-144.8493194580078,194.333740234375,-32.6659049987793,12.471482276916504,-3.157670259475708,8.409274101257324,-6.460773468017578,-3.7435736656188965,-5.734622478485107,-1.2030857801437378,-8.137322425842285,-7.167469024658203,-9.941140174865723,-12.777033805847168,-14.776081085205078,-13.499048233032227,-14.944992065429688,-10.933236122131348,-13.647528648376465,-9.942456245422363,artifact
artifact__201106121445.wav,0.5369718074798584,5.15801330038812e-05,7348.880285877737,2500.0762502229218,9621.207199883214,0.7340691949903351,-995.03369140625,-14.651840209960938,14.770590782165527,-11.62082290649414,8.247173309326172,-4.164426326751709,0.9896914958953857,1.5300859212875366,-3.4268741607666016,4.070259094238281,-4.172067642211914,3.6258418560028076,-3.129833936691284,2.2802116870880127,-1.8476887941360474,1.3658554553985596,-1.6084928512573242,1.6129639148712158,-1.9344046115875244,1.992208480834961,artifact
artifact__201106131834.wav,0.1747344583272934,0.4911454916000366,464.60181074364294,281.6799265336459,462.6308795103093,0.03736861710695876,-327.37298583984375,146.07408142089844,32.29275894165039,-20.918466567993164,-23.288190841674805,-30.77744483947754,-43.81516647338867,-40.549495697021484,-30.593191146850586,-29.201927185058594,-30.555578231811523,-25.391921997070312,-16.850908279418945,-9.546438217163086,5.0855889320373535,31.231374740600586,51.32141876220703,46.87564468383789,24.950204849243164,1.7111482620239258,artifact
artifact__201106131835.wav,0.1801513284444809,0.48515281081199646,448.3818250002819,282.9687074269318,439.82122362274487,0.03596040391430412,-336.39324951171875,140.65127563476562,32.286258697509766,-21.35198974609375,-20.14733123779297,-19.024076461791992,-31.140987396240234,-38.05211639404297,-35.136558532714844,-30.760618209838867,-28.24285125732422,-25.222383499145508,-20.06040382385254,-14.634370803833008,-5.208136081695557,17.56231117248535,47.310638427734375,60.22563552856445,46.56410598754883,18.409534454345703,artifact
artifact__201106141701.wav,0.6361683011054993,0.0008317026076838374,2808.3960165831154,2750.9327857142894,6168.652217904317,0.17088962830219073,-523.4215698242188,82.3299560546875,-5.499907493591309,12.975427627563477,-4.3033318519592285,4.78278923034668,-6.349459648132324,1.0119376182556152,-5.045960903167725,2.3905017375946045,-3.940418243408203,2.631265640258789,-3.927553176879883,2.276937484741211,-4.169412136077881,1.5107421875,-4.71891975402832,0.8636080622673035,-3.9321258068084717,1.744216799736023,artifact
artifact__201106161016.wav,0.555284857749939,0.001390094868838787,3116.444779177194,2684.7839192330903,6367.806597837468,0.21510550902061856,-450.02264404296875,66.02513122558594,-19.108150482177734,11.504201889038086,-11.069960594177246,1.5664323568344116,-13.682475090026855,-2.6097702980041504,-8.06676197052002,1.7995766401290894,-7.2673187255859375,-0.35435470938682556,-5.882849216461182,1.355583906173706,-6.995424270629883,-1.2938032150268555,-6.172896862030029,1.463936448097229,-5.670160293579102,-0.8425583839416504,artifact
artifact__201106161019.wav,0.5084744691848755,0.07871979475021362,941.2286592909425,1360.0218955820276,1734.394065620973,0.042885691849226804,-283.79315185546875,163.9058380126953,14.662236213684082,23.6225528717041,17.691495895385742,6.247750282287598,-7.907102108001709,-1.2446115016937256,5.192871570587158,-8.756570816040039,-16.29501724243164,-11.19433879852295,-4.696343898773193,-6.993414402008057,-10.82822036743164,-4.692248821258545,-1.843502402305603,-4.630122661590576,-9.864044189453125,-4.055205345153809,artifact
artifact__201106161219.wav,0.4831317961215973,0.0028046444058418274,1560.2059933712374,1727.7192675280824,2610.318150471166,0.10234274323453608,-465.28045654296875,145.13160705566406,-38.28041076660156,-9.024291038513184,-5.393558025360107,12.277552604675293,0.6375082731246948,5.468817234039307,-13.395050048828125,-5.973728656768799,-9.317559242248535,-3.6961257457733154,-10.504142761230469,-0.6839281916618347,-4.359850883483887,2.698631763458252,-8.793560028076172,1.256943941116333,-2.753657102584839,0.8418096303939819,artifact
artifact__201106171003.wav,0.5530323386192322,0.00785128865391016,2079.225911573239,2420.2213700792386,4986.046482361469,0.09787396303157217,-335.34033203125,112.24999237060547,1.5296521186828613,14.680412292480469,-14.8760347366333,13.262001037597656,-13.211539268493652,8.12564468383789,-8.686464309692383,5.3554253578186035,-8.354914665222168,-1.7441014051437378,-5.688449382781982,-2.9795405864715576,-5.858738422393799,-2.6457204818725586,-9.038886070251465,-2.203136682510376,-9.064324378967285,-0.5883979201316833,artifact
artifact__201106190520.wav,0.5943863987922668,0.0016480258200317621,3147.5188540721265,3020.6521882092447,7041.440668794297,0.18887675177190721,-459.8638916015625,70.69873809814453,10.682594299316406,18.3482723236084,5.095670223236084,8.601943969726562,-6.126117706298828,2.8136353492736816,-7.701738357543945,-2.766984224319458,-10.405999183654785,-2.3640236854553223,-7.226718425750732,-2.197920083999634,-9.762323379516602,-1.756651520729065,-6.611073970794678,0.07838811725378036,-6.298499584197998,0.5280447006225586,artifact
artifact__201106211041.wav,0.5464859008789062,0.0009903147583827376,6199.352989130634,2346.312166884814,8296.38797720683,0.6069625382570877,-859.3468017578125,21.73126983642578,1.6071116924285889,-4.914871692657471,2.0335488319396973,-1.9144246578216553,1.0113706588745117,0.0646146908402443,-4.529266834259033,1.396709680557251,-4.523796081542969,2.374297857284546,-3.339263916015625,2.999683141708374,-2.76151180267334,1.8992561101913452,-2.4598965644836426,0.7264204621315002,-2.893357992172241,0.04573645070195198,artifact
artifact__201106211430.wav,0.44099998474121094,0.005166024435311556,2723.511565509671,2494.5258879708967,5383.855760711985,0.17059892477448454,-413.1435241699219,89.21887969970703,-14.726868629455566,15.92070198059082,7.547807693481445,1.3253834247589111,-10.567376136779785,-5.761470794677734,-11.846654891967773,-3.7050888538360596,-11.18490982055664,-3.1696548461914062,-11.030118942260742,-0.3493093252182007,-5.565912246704102,2.6751105785369873,-0.8381579518318176,-0.16697338223457336,-5.117090702056885,0.33035823702812195,artifact
artifact__201106212112.wav,0.6026502251625061,0.266769140958786,2523.328590455247,2068.4446468186666,4728.147526377255,0.1540086883859536,-12.808751106262207,94.60452270507812,-51.07329177856445,16.0775089263916,-11.940532684326172,-12.067560195922852,-18.737070083618164,-11.430702209472656,-16.19258689880371,-0.2591957747936249,-6.706070423126221,-2.472146987915039,-8.014090538024902,-3.3567535877227783,-2.977928638458252,-0.8332423567771912,-6.397174835205078,-0.14198845624923706,-2.2246623039245605,1.7768731117248535,artifact
artifact__201106220340.wav,0.2922693192958832,0.3738952577114105,686.9240224980629,677.6771060133949,1101.8007258778996,0.04421965608891753,-315.8941955566406,162.5193328857422,47.62859344482422,-3.587779998779297,-10.45442008972168,-10.849676132202148,-26.621143341064453,-39.7146110534668,-35.50419616699219,-22.18429183959961,-18.47966957092285,-21.280061721801758,-21.54877281188965,-17.309459686279297,-13.809937477111816,-8.69268798828125,0.3870508372783661,10.036773681640625,15.105897903442383,17.457735061645508,artifact
artifact__201106221254.wav,0.2207557111978531,0.46546873450279236,525.0168602814443,668.5707961903071,511.2193314070554,0.03245937701353093,-277.9031982421875,151.73095703125,8.408258438110352,-14.326199531555176,-22.421979904174805,-10.942899703979492,-17.360578536987305,-36.23493194580078,-47.52488708496094,-27.983232498168945,-28.476484298706055,-35.96813201904297,-14.608713150024414,-15.465126037597656,-20.386228561401367,-4.616680145263672,7.105337142944336,10.95406723022461,25.072982788085938,34.316246032714844,artifact
extrahls__201101070953.wav,0.6959859132766724,0.0030340582598000765,3026.456918481042,2874.060384988936,6442.784975216221,0.21877422282963446,-496.7317199707031,63.15169143676758,8.7549467086792,23.50580596923828,8.3196439743042,14.109867095947266,4.683727741241455,8.814130783081055,1.7684941291809082,5.071680545806885,-1.8264144659042358,2.1318726539611816,-3.911886215209961,0.024877652525901794,-5.490329265594482,-0.925933301448822,-6.230608940124512,-1.7252461910247803,-6.585716724395752,-2.0504653453826904,extrahls
extrahls__201101091153.wav,0.5569019913673401,0.007974419742822647,1760.2999935145506,2367.3595252358773,4163.122936130799,0.09400043290914949,-454.77154541015625,99.73805236816406,17.55208969116211,39.58580780029297,14.59253215789795,22.364166259765625,7.696109771728516,9.591211318969727,0.03982400521636009,2.395277738571167,-2.75860333442688,-0.23348408937454224,-4.1989426612854,-2.8655943870544434,-7.458872318267822,-4.806682586669922,-7.501473426818848,-5.011112689971924,-6.750823020935059,-4.1726813316345215,extrahls
extrahls__201101152255.wav,0.7739818692207336,0.0009423909359611571,3720.255791069442,2721.91854937531,6842.206410314307,0.38879465092124277,-671.8758544921875,35.75996017456055,-0.5844482183456421,22.044668197631836,3.458970308303833,10.20801067352295,1.3803590536117554,5.342350006103516,-0.9892414212226868,2.837090492248535,-3.6770036220550537,0.8440923690795898,-5.403114318847656,-0.6250588893890381,-5.717817783355713,-1.3083375692367554,-5.2333083152771,-0.9273159503936768,-5.377329349517822,-0.6306555867195129,extrahls
extrahls__201101160804.wav,0.5781275629997253,0.008871152065694332,1348.8068153731165,2054.253429809959,2918.9926902846537,0.06793555332095709,-452.19622802734375,122.69549560546875,8.809028625488281,25.012075424194336,14.298318862915039,29.390546798706055,10.715407371520996,7.036073207855225,0.34343472123146057,8.96581745147705,4.707239627838135,3.5127623081207275,-1.5205862522125244,3.1762869358062744,0.23807799816131592,-0.8216827511787415,-6.623837947845459,-4.470491886138916,-5.396284103393555,-3.841909646987915,extrahls
extrahls__201101160808.wav,0.6082044243812561,0.017292525619268417,1884.7511904648143,2274.2532481252497,4071.3944284539475,0.11237260632048872,-434.0547790527344,95.76710510253906,7.650117874145508,32.99518966674805,14.528915405273438,22.946247100830078,8.4695405960083,8.63640308380127,0.9289761781692505,4.172554016113281,1.1175934076309204,3.934568405151367,-1.0602754354476929,-1.627319574356079,-5.097607612609863,-1.8631565570831299,-4.5157246589660645,-2.9668476581573486,-4.778412818908691,-3.851271629333496,extrahls
extrahls__201101161027.wav,0.6188669800758362,0.010469771921634674,1993.0450850368002,2674.870856894,4998.0072615211575,0.13543819917315175,-393.990234375,90.22240447998047,23.86403465270996,34.485103607177734,15.24488639831543,19.619319915771484,9.025545120239258,13.82574462890625,1.1906589269638062,6.678363800048828,-0.6086050868034363,3.2828168869018555,-5.188283920288086,-0.15926624834537506,-7.503137588500977,-2.792024850845337,-7.4534711837768555,-1.500072956085205,-8.569413185119629,-4.162533283233643,extrahls
extrahls__201101241423.wav,0.6012399196624756,0.018034212291240692,1183.704986307198,1821.828323410225,2506.398246214562,0.11739766229059279,-522.3560791015625,116.16219329833984,45.159332275390625,45.87159729003906,27.616384506225586,15.366686820983887,10.40849781036377,4.010552883148193,2.572265863418579,-0.7426456809043884,-0.731610119342804,-1.9129273891448975,-2.725109338760376,-2.4374136924743652,-3.7362565994262695,-3.84055233001709,-3.774357318878174,-4.277524471282959,-4.694784641265869,-4.655094623565674,extrahls
extrahls__201101241433.wav,0.5900329351425171,0.013130364008247852,1080.6467780536677,1723.0741148891364,2129.428446661566,0.08689392719072164,-498.59454345703125,147.36004638671875,28.884302139282227,28.334659576416016,8.761008262634277,15.430276870727539,6.216221332550049,3.8577346801757812,-1.3971384763717651,-3.006030559539795,-5.050266742706299,-5.039024829864502,-5.123153209686279,-4.841628074645996,-5.042550086975098,-5.061952590942383,-4.906179428100586,-5.122255802154541,-4.953476428985596,-4.671448230743408,extrahls
extrahls__201102070251.wav,0.6984959840774536,0.0033367241267114878,2432.0936934345623,2423.779765097285,4919.65233246026,0.26805652772760113,-596.2174682617188,80.27566528320312,8.242569923400879,32.604949951171875,7.706014633178711,13.441665649414062,1.4537297487258911,5.434971332550049,-0.41877755522727966,3.626683473587036,-1.2412819862365723,1.4226404428482056,-2.9681198596954346,-1.100986361503601,-5.248621940612793,-3.463776111602783,-6.217411518096924,-4.403072834014893,-6.564554214477539,-4.0385422706604,extrahls
extrahls__201102071835.wav,0.7432979941368103,0.0009774852078408003,3036.778878833224,2586.7700171277716,5925.251486449115,0.32454571119100295,-618.7467651367188,59.01450729370117,-8.695746421813965,25.965904235839844,2.607379674911499,13.053382873535156,-2.124199628829956,7.428877830505371,-1.7111759185791016,4.775577068328857,-4.755787372589111,1.0519431829452515,-6.17677640914917,-0.12614957988262177,-7.166210174560547,-1.3436222076416016,-6.931729793548584,-1.3360942602157593,-7.286500930786133,-2.0290679931640625,extrahls
extrahls__201102241217.wav,0.5683981776237488,0.007754114456474781,1647.297965990524,2288.486009511098,3802.7747714642396,0.1018871818621134,-474.71575927734375,106.62163543701172,19.653385162353516,39.0433464050293,13.659050941467285,20.669008255004883,5.382174491882324,9.814217567443848,0.4996098279953003,3.300365924835205,-4.74975061416626,-0.6734626293182373,-4.849386215209961,-0.058048710227012634,-4.551839828491211,-1.390689492225647,-5.760948657989502,-2.745542526245117,-6.700827121734619,-2.6759889125823975,extrahls
extrahls__201103150114.wav,0.5418598651885986,0.02181689813733101,1182.9444279398351,1976.1593001285378,2598.2195981999034,0.043292173405283504,-401.1288757324219,128.85488891601562,29.30674934387207,38.35054397583008,12.76220989227295,21.79721450805664,8.371232986450195,9.570048332214355,-1.1196297407150269,0.7522875666618347,-5.914779186248779,-3.137828826904297,-6.779950141906738,-3.081021547317505,-6.710273742675781,-3.8224732875823975,-6.539144515991211,-3.4103031158447266,-5.75048303604126,-3.5877676010131836,extrahls
extrahls__201103170134.wav,0.5987237095832825,0.009848768822848797,2068.210845295815,2682.708328346287,4946.651754940257,0.1651424632352941,-506.51043701171875,86.60857391357422,28.133949279785156,36.802024841308594,23.211423873901367,15.773052215576172,9.929915428161621,6.406493186950684,1.410523533821106,1.5349010229110718,-2.7365760803222656,-3.35990571975708,-5.138354301452637,-3.668332099914551,-6.072559833526611,-3.447922706604004,-5.366518497467041,-3.5268173217773438,-5.7900848388671875,-4.623165130615234,extrahls
extrahls__201103182227.wav,0.7761659622192383,0.0016038411995396018,3547.892244821868,2682.9919893768065,6560.911701634987,0.39883013853092786,-679.7669067382812,40.17116928100586,8.25516128540039,25.57304573059082,8.3724946975708,11.894563674926758,4.715389728546143,6.068934917449951,0.19631075859069824,3.1519527435302734,-1.9619622230529785,0.8331133723258972,-3.423513412475586,-0.10617391765117645,-4.866728782653809,-1.455209732055664,-5.084428787231445,-2.169633150100708,-5.09982442855835,-2.009417772293091,extrahls
extrahls__201103200218.wav,0.5289475321769714,0.0357268862426281,954.4782732886571,1744.1731690373206,1737.1689629308955,0.032570121214561855,-375.99371337890625,142.91830444335938,36.882606506347656,33.502681732177734,9.953167915344238,15.06413745880127,7.661863803863525,4.093413352966309,-3.6109061241149902,-4.730220317840576,-3.4009063243865967,-2.136624336242676,-2.6679906845092773,-2.9259567260742188,-3.1977579593658447,-4.1862030029296875,-4.805202007293701,-5.427622318267822,-5.5583953857421875,-5.366373062133789,extrahls
extrahls__201104021355.wav,0.5427817702293396,0.010610343888401985,1546.3424892115258,2324.3338774246654,3519.1031107088415,0.06578696646341463,-436.7607727050781,111.41683959960938,28.989248275756836,34.85017395019531,13.022675514221191,20.744590759277344,10.209742546081543,11.053595542907715,-4.511353969573975,0.5212311148643494,-7.188777446746826,1.2726870775222778,-3.4684674739837646,0.3269198536872864,-8.006441116333008,-3.2176313400268555,-6.890700817108154,-1.4477864503860474,-6.624770641326904,-2.2500147819519043,extrahls
extrahls__201104140118.wav,0.6583830714225769,0.005727699492126703,2046.8755993254545,2389.884953067838,4504.412841796875,0.17021251860119047,-509.90911865234375,94.24346923828125,8.750085830688477,33.90635681152344,10.209572792053223,18.184162139892578,0.804175853729248,8.581623077392578,-0.1930856704711914,5.641315460205078,-0.6940749883651733,3.0848963260650635,-3.1403400897979736,0.45992669463157654,-3.111905336380005,-1.1996053457260132,-6.473713397979736,-2.1541502475738525,-4.5499749183654785,-2.7483584880828857,extrahls
extrahls__201104270458.wav,0.5252445936203003,0.047689639031887054,752.2771804548767,1515.296257013742,1186.4794921875,0.024229213169642858,-373.1344299316406,152.15621948242188,36.06150817871094,34.10072708129883,12.770288467407227,21.920413970947266,11.459083557128906,8.957809448242188,2.924398183822632,3.608567237854004,-1.1252212524414062,0.26084205508232117,-2.8413095474243164,-3.2941699028015137,-3.88281512260437,-4.544864177703857,-5.512863636016846,-4.724992275238037,-6.623200416564941,-6.095314979553223,extrahls
extrahls__201104270459.wav,0.5626908540725708,0.05378898233175278,728.7004916434892,1477.8232188773918,1117.7552129181338,0.024551606514084508,-370.23114013671875,155.4364471435547,39.188716888427734,32.84340286254883,11.386002540588379,21.42486572265625,12.599254608154297,10.145651817321777,1.9645968675613403,2.903247356414795,-0.8615062236785889,-0.8654872179031372,-2.50895094871521,-2.991764545440674,-4.189268112182617,-3.819514751434326,-5.1264262199401855,-4.709359169006348,-5.871277809143066,-5.551886558532715,extrahls
murmur__201101051104.wav,0.7217004299163818,0.01133591216057539,1299.9733768215415,2074.219810840885,2930.202298874021,0.1126871532310705,-518.1134033203125,97.29193878173828,14.025969505310059,45.52451705932617,21.95398712158203,25.193449020385742,15.201513290405273,14.524253845214844,9.33594799041748,14.238018989562988,10.768019676208496,8.517632484436035,4.060986042022705,7.95996618270874,6.023503303527832,5.708156108856201,2.8465895652770996,4.688418388366699,2.9300832748413086,3.6258935928344727,murmur
murmur__201101051108.wav,0.7862539291381836,0.0075017535127699375,2601.5332504947605,2339.3729893849923,4953.592500611945,0.2624581837467363,-553.5045776367188,61.64707946777344,-11.468306541442871,27.577367782592773,8.619266510009766,13.300686836242676,4.104323387145996,7.901687145233154,5.299861907958984,9.949840545654297,7.209225177764893,5.455380916595459,0.4095980226993561,5.6352128982543945,4.442628383636475,2.4520487785339355,0.547417163848877,4.588363170623779,0.3685307502746582,0.6901740431785583,murmur
murmur__201101051114.wav,0.6671628355979919,0.04873853549361229,967.2377697245669,1927.902770208514,2252.2999576737925,0.020089649967362923,-377.38250732421875,93.20252990722656,11.889505386352539,46.13052749633789,24.801729202270508,26.957448959350586,19.162382125854492,16.389039993286133,15.966419219970703,18.429243087768555,16.533967971801758,10.301572799682617,8.266212463378906,11.700539588928223,9.766533851623535,6.5298075675964355,6.861403942108154,7.1374192237854,4.467369079589844,4.368724822998047,murmur
murmur__201101180902.wav,0.7977541089057922,0.07279955595731735,238.18816264994095,994.1296964121967,100.80890050882564,0.01317092939481268,-459.3125305175781,53.0893669128418,45.34111785888672,38.20085144042969,32.961708068847656,28.402084350585938,24.335512161254883,21.105073928833008,18.618513107299805,16.5290584564209,14.880969047546387,13.541157722473145,12.411210060119629,11.381181716918945,10.471715927124023,9.60909652709961,8.862642288208008,8.176326751708984,7.53394889831543,6.884541034698486,murmur
murmur__201102051443.wav,0.5623806715011597,0.027298733592033386,1102.6292610520698,1901.6955354088327,2376.9287109375,0.03584881218112245,-365.40087890625,125.6405029296875,19.00599479675293,47.1390495300293,19.3160400390625,19.61896324157715,6.438429355621338,13.529809951782227,3.2005252838134766,3.8372304439544678,-1.459522008895874,1.2949758768081665,-5.145535469055176,-2.4646103382110596,-5.753663539886475,-3.836308717727661,-4.8224053382873535,-2.2681267261505127,-5.700647830963135,-2.5460708141326904,murmur
murmur__201102052338.wav,0.5565265417098999,0.026242025196552277,789.0996111516165,1454.3686179189622,1357.5907599065722,0.03500523518041237,-416.77801513671875,146.1876220703125,23.77737808227539,17.69635772705078,35.30978775024414,24.52035140991211,10.808845520019531,5.183029651641846,7.010919570922852,6.1286821365356445,0.02352873794734478,-4.262142658233643,-4.226388454437256,-3.9629411697387695,-5.072625637054443,-4.564551830291748,-3.852888345718384,-3.0810065269470215,-1.2065788507461548,-2.171538829803467,murmur
murmur__201103291548.wav,0.7844059467315674,0.1005399227142334,145.3010113743271,732.8765988929691,79.81906467013889,0.004552770543981482,-477.52850341796875,70.89643859863281,60.50865173339844,49.89333724975586,41.52615737915039,34.11055374145508,28.59851837158203,24.55768585205078,21.182435989379883,17.906518936157227,15.691312789916992,14.022928237915039,12.394791603088379,10.714510917663574,9.421931266784668,8.086546897888184,6.84166145324707,5.859137058258057,5.2704267501831055,4.691529750823975,murmur
murmur__201104021355.wav,0.5427849888801575,0.010610343888401985,1546.3608622482218,2324.1959590102433,3519.1031107088415,0.06614424542682927,-436.7591857910156,111.41796875,28.985069274902344,34.852840423583984,13.018759727478027,20.750038146972656,10.201952934265137,11.063054084777832,-4.5191779136657715,0.5278880596160889,-7.1981120109558105,1.2817574739456177,-3.4754672050476074,0.333664208650589,-8.012889862060547,-3.213897228240967,-6.891565799713135,-1.448414921760559,-6.62297248840332,-2.2534661293029785,murmur
murmur__201104241315.wav,0.5619245171546936,0.021862389519810677,1080.5605121806884,1782.601088761655,2062.914158142719,0.042712024806701034,-390.4258117675781,141.85406494140625,13.862998962402344,27.263364791870117,16.114917755126953,19.25116539001465,0.7547812461853027,5.151654243469238,4.07619571685791,6.558089256286621,1.156103491783142,1.4792264699935913,-3.8591699600219727,-4.781818866729736,-5.693762302398682,-2.0111327171325684,-4.119706153869629,-5.745584011077881,-7.862799167633057,-5.449921131134033,murmur
murmur__201104291843.wav,0.5929032564163208,0.006090822163969278,2100.6176614354513,2496.2491512980373,4802.93954702524,0.1215679462139423,-435.1167297363281,94.29933166503906,7.992084980010986,33.173362731933594,9.893637657165527,19.837247848510742,2.641690731048584,7.900443077087402,-1.2462114095687866,4.9043989181518555,-4.822429656982422,0.43444791436195374,-4.82687520980835,1.080881118774414,-5.404376029968262,-1.395060420036316,-7.215564250946045,-1.8905588388442993,-6.3906073570251465,-1.1216943264007568,murmur
murmur__201106141148.wav,0.6140860915184021,0.015222109854221344,1544.268926662858,2152.6395213435176,3394.2025626215955,0.08320540491245136,-408.1322937011719,113.68032836914062,11.56279468536377,35.39425277709961,16.821565628051758,26.219757080078125,6.5797929763793945,9.089472770690918,-0.009431475773453712,5.484036922454834,-2.1901280879974365,1.6692354679107666,-5.1093950271606445,-0.15179190039634705,-4.605663299560547,-1.1055467128753662,-5.819788932800293,-1.619848608970642,-5.762962341308594,-1.462947130203247,murmur
murmur__201108222221.wav,0.6595093607902527,0.06024821475148201,160.5343748509745,500.0645372013449,203.71543482730263,0.007349917763157895,-486.15118408203125,76.36550903320312,66.8601303100586,54.057735443115234,41.109527587890625,30.402244567871094,22.868066787719727,18.062637329101562,14.809730529785156,11.971325874328613,8.950776100158691,5.779424667358398,2.8829543590545654,0.7362709641456604,-0.4096981883049011,-0.6326814889907837,-0.26760992407798767,0.27502965927124023,0.6926713585853577,0.88002610206604,murmur
murmur__201108222223.wav,0.52480548620224,0.08052682131528854,153.02861195724637,371.15439499782417,197.89139597039474,0.01038382903874269,-475.33319091796875,90.52062225341797,77.88108825683594,61.25018310546875,44.95688247680664,32.09038162231445,23.658184051513672,18.676239013671875,15.393189430236816,12.370811462402344,8.9293851852417,5.041772365570068,1.1924740076065063,-2.059079885482788,-4.323248863220215,-5.4777727127075195,-5.588564395904541,-4.956396102905273,-3.9471168518066406,-2.8762800693511963,murmur
murmur__201108222224.wav,0.72561115026474,0.06841754168272018,141.78621428691892,480.5530839290046,191.9729132401316,0.0048471194261695905,-486.3360595703125,75.94700622558594,66.33751678466797,53.17708206176758,40.21907043457031,29.627561569213867,22.43730926513672,18.08031463623047,15.487491607666016,13.365457534790039,11.081521987915039,8.412282943725586,5.743016242980957,3.497514247894287,2.0660409927368164,1.4177855253219604,1.3776816129684448,1.552210807800293,1.666286587715149,1.561609148979187,murmur
murmur__201108222226.wav,0.6705394983291626,0.06836430728435516,149.4966388905498,471.1133076258536,192.5710577713816,0.006523266173245614,-482.3985595703125,78.22384643554688,68.10897827148438,54.64305877685547,41.05891418457031,29.950590133666992,22.54946517944336,18.105079650878906,15.360535621643066,13.06409740447998,10.56794261932373,7.6286797523498535,4.672160625457764,2.1763103008270264,0.47383520007133484,-0.45709365606307983,-0.6887003183364868,-0.5249029397964478,-0.24658657610416412,-0.040617626160383224,murmur
murmur__201108222227.wav,0.6052092909812927,0.0571487620472908,159.98220374721888,481.8725762783375,205.54134971217104,0.007975260416666666,-482.05810546875,78.80135345458984,67.90843963623047,53.83919143676758,40.03169250488281,28.811975479125977,21.39632225036621,17.041126251220703,14.466991424560547,12.213958740234375,9.599231719970703,6.462555885314941,3.3806936740875244,0.7947521805763245,-0.8986318707466125,-1.6764209270477295,-1.635161280632019,-1.2373660802841187,-0.7613196969032288,-0.3585793077945709,murmur
murmur__201108222231.wav,0.6596072912216187,0.08134656399488449,144.6658823789713,425.11975787976525,173.14710115131578,0.0069144622624269,-480.3361511230469,79.57538604736328,70.065185546875,56.977378845214844,43.73939514160156,32.52164077758789,24.416118621826172,18.92566680908203,15.121819496154785,11.930808067321777,8.889471054077148,5.874817848205566,3.1936862468719482,1.1052424907684326,-0.15113607048988342,-0.654288113117218,-0.6009311676025391,-0.34412825107574463,-0.09635530412197113,0.01065826416015625,murmur
murmur__201108222232.wav,0.641701877117157,0.07947186380624771,162.04495671135808,452.47313823776705,201.76359477796052,0.008196557474415205,-478.9501037597656,81.85096740722656,71.71952056884766,58.014915466308594,43.857086181640625,31.960880279541016,23.62421989440918,17.820735931396484,13.56179141998291,9.972784042358398,6.731954097747803,3.5557899475097656,0.8267163634300232,-1.106329083442688,-2.000642776489258,-2.071204900741577,-1.5281529426574707,-0.8396441340446472,-0.3309120833873749,-0.13673429191112518,murmur
murmur__201108222233.wav,0.5594825148582458,0.10276870429515839,148.19261405669232,362.57249679004804,194.74326685855263,0.0088761536001462,-473.515625,89.30474090576172,78.52351379394531,63.89466857910156,48.81039810180664,35.804649353027344,25.931371688842773,18.936931610107422,13.891773223876953,9.839273452758789,6.186375617980957,2.788149356842041,-0.18105477094650269,-2.4435997009277344,-3.817404270172119,-4.324374198913574,-4.174192905426025,-3.6515393257141113,-2.993743419647217,-2.3411307334899902,murmur
murmur__201108222235.wav,0.7030084133148193,0.06916610151529312,144.0643735616893,466.63886576084377,176.79893092105263,0.005990725511695907,-484.0332946777344,74.73098754882812,65.67301940917969,53.520263671875,41.17267608642578,30.80544662475586,23.498628616333008,18.756929397583008,15.595173835754395,12.9795503616333,10.369026184082031,7.550922393798828,4.8928375244140625,2.7326998710632324,1.3791691064834595,0.769987940788269,0.7734057307243347,0.9994392395019531,1.1891945600509644,1.1503127813339233,murmur
murmur__201108222236.wav,0.6639683842658997,0.057183638215065,155.23102849605004,494.53961800858997,194.77474814967104,0.0067531295687134505,-485.5440979003906,73.89383697509766,64.65132141113281,52.4156608581543,40.06633758544922,29.826196670532227,22.91008949279785,18.468334197998047,15.468304634094238,12.784777641296387,9.987059593200684,6.917983055114746,4.159576416015625,2.049165725708008,0.8539647459983826,0.3682985007762909,0.4647000730037689,0.6931461691856384,0.8170128464698792,0.6837799549102783,murmur
murmur__201108222237.wav,0.6544785499572754,0.07338543236255646,140.9480584940713,438.9718760933146,175.8859734786184,0.007058662280701755,-482.64520263671875,76.31367492675781,67.3823471069336,55.21979904174805,42.75129318237305,32.18144226074219,24.507064819335938,19.39579963684082,15.885354995727539,12.914116859436035,9.936239242553711,6.877677917480469,4.090548038482666,1.9104560613632202,0.5600451827049255,-0.06851691752672195,-0.208185613155365,-0.19402942061424255,-0.19568054378032684,-0.28614041209220886,murmur
murmur__201108222238.wav,0.6574661731719971,0.08585602790117264,124.24346345022475,385.7051069261147,158.76015111019737,0.006824515716374269,-481.630126953125,79.1940689086914,69.99715423583984,57.55217361450195,44.8401985168457,34.1176643371582,26.28424835205078,20.97490119934082,17.160917282104492,13.839218139648438,10.466273307800293,7.030695915222168,3.866170883178711,1.3770853281021118,-0.18900679051876068,-0.8519303202629089,-0.872215211391449,-0.614789605140686,-0.3789729177951813,-0.28874149918556213,murmur
murmur__201108222242.wav,0.6869484186172485,0.09299080818891525,147.7437809066866,433.7159595082211,193.26364617598685,0.006259137426900585,-459.89898681640625,74.56954956054688,66.97525787353516,56.512088775634766,45.35428237915039,35.25251770019531,27.186891555786133,21.10722541809082,16.50667381286621,12.802611351013184,9.577205657958984,6.577854633331299,3.9090840816497803,1.76127290725708,0.3067089319229126,-0.46138161420822144,-0.6532467603683472,-0.5609777569770813,-0.42761555314064026,-0.39951053261756897,murmur
murmur__201108222243.wav,0.6510856747627258,0.12759947776794434,158.52413019289415,434.0363479382127,205.06913034539474,0.007632606907894737,-452.0188293457031,85.34841918945312,72.2730484008789,58.98222732543945,46.00017547607422,34.886192321777344,26.06586456298828,19.79140853881836,15.709245681762695,12.017109870910645,8.541925430297852,5.515591621398926,2.9232475757598877,1.0178444385528564,-0.22349363565444946,-0.46544572710990906,-0.5806119441986084,-0.6572293043136597,-0.7705397605895996,-0.7452315092086792,murmur
murmur__201108222245.wav,0.7326768636703491,0.03041885420680046,188.6645404169609,616.9149797852391,252.82624897203948,0.005923622532894737,-532.5908203125,89.0394287109375,70.030517578125,48.77400207519531,31.8636417388916,21.624271392822266,17.524843215942383,16.416948318481445,15.227099418640137,12.459357261657715,9.23427963256836,6.652029514312744,4.657966613769531,2.7040598392486572,1.4510583877563477,1.5135201215744019,2.415649652481079,2.9690463542938232,2.8730990886688232,2.307238817214966,murmur
murmur__201108222246.wav,0.7285957932472229,0.06874150037765503,138.16246109039196,469.337693104522,178.43595805921052,0.004879957054093567,-483.1792907714844,73.29703521728516,64.6963882446289,53.175758361816406,41.34434509277344,31.30353355407715,24.196063995361328,19.527652740478516,16.392683029174805,13.783803939819336,11.185501098632812,8.40562629699707,5.829473972320557,3.8268864154815674,2.6156442165374756,2.0715317726135254,2.0305981636047363,2.1284005641937256,2.0979526042938232,1.8237179517745972,murmur
murmur__201108222248.wav,0.6830489635467529,0.07138745486736298,135.75264433998885,431.2153159469662,168.45638877467104,0.006571808753654971,-480.866455078125,75.5649185180664,67.12255096435547,55.48868179321289,43.6204948425293,33.43026351928711,25.999011993408203,20.92733383178711,17.40435791015625,14.390978813171387,11.407519340515137,8.329200744628906,5.479671955108643,3.151071548461914,1.6060312986373901,0.7797605991363525,0.49599960446357727,0.41563287377357483,0.3312784731388092,0.10931430757045746,murmur
murmur__201108222251.wav,0.7304564714431763,0.07390408962965012,127.78593149414583,423.5067285866242,158.38237561677633,0.005179778874269006,-467.81939697265625,69.21058654785156,62.5009651184082,53.14034652709961,43.138187408447266,34.1761589050293,27.193065643310547,22.22318458557129,18.708816528320312,15.884542465209961,13.196378707885742,10.425975799560547,7.7285332679748535,5.408158779144287,3.7384378910064697,2.7678897380828857,2.367339849472046,2.260552167892456,2.1878998279571533,1.9664663076400757,murmur
murmur__201108222252.wav,0.7251428961753845,0.0885191336274147,117.15063445983019,373.95818579963816,153.72314453125,0.005041289747807018,-466.9185791015625,73.83515167236328,66.56537628173828,56.656707763671875,46.0033073425293,36.379791259765625,29.104568481445312,23.8334903717041,20.124563217163086,17.12902069091797,14.32481575012207,11.308822631835938,8.408539772033691,5.907275199890137,4.071843147277832,2.853250503540039,2.2522003650665283,1.9460901021957397,1.6730921268463135,1.2566072940826416,murmur
murmur__201108222253.wav,0.7255984544754028,0.10172291845083237,101.13405172872206,328.2381928960461,132.09549753289474,0.004632960983187134,-443.4179382324219,68.76692962646484,63.23215866088867,55.433998107910156,46.52915573120117,37.831356048583984,30.630834579467773,24.904056549072266,20.653268814086914,17.361846923828125,14.605052947998047,11.851754188537598,9.188876152038574,6.6940598487854,4.577885150909424,2.9039788246154785,1.8733980655670166,1.3355501890182495,1.092481017112732,0.9150053262710571,murmur
murmur__201108222255.wav,0.7637519240379333,0.08268730342388153,109.25174228023903,376.8821693058275,135.68436472039474,0.004640099597953216,-467.3172912597656,69.72209930419922,63.39536666870117,54.451908111572266,44.68751525878906,35.684085845947266,28.383087158203125,22.967668533325195,19.045494079589844,15.9956636428833,13.29920768737793,10.719708442687988,8.29836654663086,6.219548225402832,4.646831512451172,3.61647891998291,3.0246949195861816,2.6896309852600098,2.4368813037872314,2.1588175296783447,murmur
murmur__201108222256.wav,0.7500556111335754,0.04640388488769531,150.1074873601886,523.9468855603471,191.75254420230263,0.0048828125,-473.9432067871094,62.568885803222656,56.18790054321289,47.47002410888672,38.05555725097656,29.548776626586914,23.192462921142578,18.640047073364258,15.504009246826172,13.022783279418945,10.76848316192627,8.408018112182617,6.287501335144043,4.648334503173828,3.6739306449890137,3.230116367340088,3.255293607711792,3.4019365310668945,3.4160478115081787,3.1600849628448486,murmur
murmur__201108222258.wav,0.7288371920585632,0.06823957711458206,114.87255693871796,397.8565496598868,142.3898797286184,0.004849974872076023,-464.99945068359375,67.8764419555664,61.68769454956055,52.953182220458984,43.442237854003906,34.708011627197266,27.66557502746582,22.47626495361328,18.730911254882812,15.797863006591797,13.157378196716309,10.587503433227539,8.160467147827148,6.100268840789795,4.601729869842529,3.7057559490203857,3.278642177581787,3.083648204803467,2.890690565109253,2.562532901763916,murmur
normal__201101070538.wav,0.6587267518043518,0.004842549562454224,2623.0223656666294,2706.2850774305857,5631.691620430809,0.19993778557441252,-491.7263488769531,73.6630630493164,10.513983726501465,27.847957611083984,9.485170364379883,16.736183166503906,4.493813514709473,10.164190292358398,0.4022684395313263,5.6296563148498535,-2.673356294631958,1.971016764640808,-5.083024978637695,-0.543962299823761,-6.781487941741943,-1.774282693862915,-7.779726505279541,-2.3034865856170654,-8.067739486694336,-2.567289352416992,normal
normal__201101151127.wav,0.7386285066604614,0.07582886517047882,831.5252962945083,1819.1283463553784,1691.7716429405605,0.011402877335695876,-367.32220458984375,94.12982940673828,15.27634334564209,47.68992614746094,26.454479217529297,28.61347770690918,20.187179565429688,18.48785400390625,15.269987106323242,19.918222427368164,17.087404251098633,11.661300659179688,5.734440326690674,10.098010063171387,9.24303913116455,6.969156265258789,4.463658332824707,5.884605407714844,3.212634563446045,3.7068612575531006,normal
normal__201102081152.wav,0.6465561985969543,0.007473909296095371,2339.5752603841306,3008.1510435958726,6228.199351917614,0.15945553469967533,-372.8852844238281,108.12317657470703,17.392902374267578,10.042250633239746,5.739859580993652,11.794392585754395,7.753499507904053,5.919234275817871,3.2339580059051514,11.712897300720215,4.986512660980225,4.567085266113281,-5.545079708099365,4.926865577697754,-4.203638076782227,4.958201885223389,-9.142672538757324,4.6370954513549805,-8.297107696533203,7.557403087615967,normal
normal__201102081321.wav,0.6398260593414307,0.012222020886838436,1597.1696920930244,2177.9599459011692,3382.9612103630516,0.07024500229779412,-336.7196350097656,126.25402069091797,-3.3757545948028564,14.37698745727539,6.8630242347717285,21.75994300842285,1.4439531564712524,8.167789459228516,1.4944285154342651,10.744935035705566,-3.628386974334717,-0.2388606071472168,-1.469178557395935,11.406156539916992,2.673583507537842,4.835687637329102,-0.4466930627822876,6.683636665344238,-0.9588222503662109,1.5290414094924927,normal
normal__201102201230.wav,0.6807587742805481,0.0024312434252351522,3001.6884155354987,2837.439595278092,6360.675111750967,0.24867736187177836,-542.9752807617188,63.6456298828125,5.692712306976318,19.723670959472656,7.45019006729126,10.327183723449707,5.59535026550293,8.393821716308594,0.15173237025737762,3.972292900085449,-2.228001594543457,1.9061130285263062,-4.288626670837402,0.3090226352214813,-7.503118515014648,-2.3036413192749023,-7.163478374481201,-2.257680892944336,-6.8780837059021,-1.7455990314483643,normal
normal__201102260502.wav,0.615309476852417,0.004996134899556637,1256.0172241962978,1977.863623387347,2714.534385089945,0.14225200357472326,-558.3579711914062,122.23160552978516,26.293119430541992,45.00033950805664,18.683012008666992,21.65605926513672,6.894165992736816,11.005780220031738,1.8874086141586304,4.31854248046875,-2.025838851928711,1.1173561811447144,-4.009278297424316,-1.2282687425613403,-5.435129642486572,-1.99507737159729,-5.539804935455322,-2.531446933746338,-5.55966329574585,-2.631227493286133,normal
normal__201102270940.wav,0.6401868462562561,0.0027645546942949295,2785.6685451941994,2605.7388670825726,5827.97807516511,0.21350978576030927,-485.1031799316406,76.48724365234375,-9.17304515838623,17.977468490600586,-5.131599426269531,2.125947952270508,-8.884753227233887,-2.2944860458374023,-8.2969331741333,-2.610304117202759,-6.8039398193359375,-2.4730093479156494,-6.249867916107178,-2.0412817001342773,-5.274219512939453,-1.3989055156707764,-5.154533386230469,-2.166531562805176,-5.660538673400879,-1.8230359554290771,normal
normal__201103090635.wav,0.7475220561027527,0.007755164988338947,2448.8507822210586,2589.3741740958744,5097.923605152638,0.21687025830924855,-505.89080810546875,75.32930755615234,14.535874366760254,29.338613510131836,12.168146133422852,17.522626876831055,7.81185245513916,11.123076438903809,4.418946743011475,8.090311050415039,2.0326592922210693,6.76832389831543,0.41088858246803284,4.565560340881348,-1.1825881004333496,3.407008647918701,-2.4196717739105225,2.100597858428955,-3.0882017612457275,2.0302634239196777,normal
normal__201103101140.wav,0.8024052977561951,0.04488281533122063,1254.2343954882201,1796.4819737842697,2516.52662139578,0.13890720642719073,-485.21380615234375,37.94171142578125,33.69206619262695,29.132417678833008,25.137996673583984,21.538490295410156,18.33074188232422,15.701939582824707,13.57431697845459,11.813645362854004,10.425067901611328,9.319718360900879,8.346467018127441,7.544145584106445,6.980041980743408,6.506138324737549,5.961047172546387,5.38138484954834,4.856774806976318,4.413961410522461,normal
normal__201103140132.wav,0.6948434710502625,0.003052389482036233,2362.181025540088,2377.349848445334,4832.983146746134,0.2602425801385309,-589.7745361328125,88.69660186767578,4.921284198760986,22.03998565673828,3.4644038677215576,13.098496437072754,5.002952575683594,6.560584545135498,1.414379358291626,0.06915741413831711,-3.72241473197937,-2.8642122745513916,-4.419169902801514,-3.4342501163482666,-4.029590606689453,-3.7586889266967773,-4.726363182067871,-4.221834659576416,-3.9417245388031006,-2.987260103225708,normal
normal__201103140135.wav,0.6771748065948486,0.004107402637600899,1789.0134181726946,2150.6347102502773,3748.409598214286,0.21097024189139943,-549.9004516601562,114.19499206542969,10.329437255859375,11.665818214416504,7.609810829162598,11.736978530883789,7.584606647491455,0.89739990234375,-0.418419748544693,-3.0840840339660645,-1.4366360902786255,-1.957779884338379,-2.469153881072998,-3.2293782234191895,-3.4045908451080322,-3.5006654262542725,-3.6210505962371826,-3.5481607913970947,-3.7025668621063232,-3.2754766941070557,normal
normal__201103140822.wav,0.6215091347694397,0.040170710533857346,983.9478093677823,1516.3183408175505,1789.3718388728323,0.044133004425578035,-346.7339172363281,162.8010711669922,11.782502174377441,8.457404136657715,11.620664596557617,15.351054191589355,10.441316604614258,3.4349870681762695,1.0144010782241821,-1.6793357133865356,-0.898626446723938,-1.5942890644073486,-2.8768112659454346,-2.4587466716766357,-2.888439416885376,-3.660921812057495,-4.109686851501465,-4.192085266113281,-3.4570438861846924,-3.2652177810668945,normal
normal__201103151912.wav,0.5741899013519287,0.009849547408521175,1701.515052103326,2335.240752380264,3925.0922448856313,0.08217093870811856,-418.5458984375,103.81328582763672,17.10716438293457,41.43605422973633,16.448795318603516,21.511260986328125,3.420525312423706,10.173653602600098,1.1949869394302368,3.9697718620300293,-5.703647136688232,0.6318042874336243,-3.799159049987793,-0.07422798126935959,-7.413391590118408,-1.8127976655960083,-4.846243858337402,-1.3674602508544922,-7.523796081542969,-1.1024131774902344,normal
normal__201103170121.wav,0.71732497215271,0.018681788817048073,2554.6122888470127,2549.612842011139,5316.9897178694,0.24191372380780346,-520.6812744140625,60.900604248046875,19.41374397277832,22.930557250976562,17.567737579345703,11.832222938537598,15.253975868225098,8.044427871704102,-2.6753435134887695,-1.2165993452072144,-2.528942584991455,-1.4147216081619263,-1.2375249862670898,-4.431934356689453,-7.217076301574707,-5.226475715637207,-5.752632141113281,-4.238071918487549,-3.4970085620880127,-4.224233150482178,normal
normal__201103221214.wav,0.6175752878189087,0.0013788288924843073,2018.0022080505596,2244.124188581677,3875.40234375,0.18564127604166666,-585.6624145507812,116.82526397705078,-4.189698696136475,5.951800346374512,5.46073579788208,10.670888900756836,-1.0505163669586182,8.677809715270996,3.1640520095825195,7.382672309875488,-2.924619436264038,-0.5191302299499512,-5.283085346221924,4.455703258514404,0.5402814745903015,2.819596767425537,-6.465888500213623,-1.5674405097961426,-7.218411445617676,-2.882516622543335,normal
normal__201104122156.wav,0.6539661884307861,0.014380940236151218,1092.816177902659,1651.8274029495972,1989.7956140262565,0.06683286686533506,-411.8658142089844,152.4168701171875,4.263350963592529,16.30081558227539,9.8372802734375,16.517704010009766,5.750465393066406,6.699208736419678,5.9361572265625,3.6149544715881348,-2.5851292610168457,-2.726269245147705,-1.1805853843688965,-0.4853348135948181,-1.7447479963302612,-2.370396614074707,-3.258678674697876,-3.555612802505493,-3.9135754108428955,-3.785857915878296,normal
normal__201104141251.wav,0.6966567635536194,0.0034000170417129993,2280.700712734486,2378.3003589746218,4684.682513297872,0.23153732902735563,-562.3525390625,87.69342803955078,3.2533164024353027,33.033172607421875,7.271811008453369,16.186567306518555,3.935770273208618,8.346471786499023,0.5139718055725098,3.8686575889587402,-2.735675573348999,0.20247934758663177,-4.443602085113525,-0.9566436409950256,-5.503153324127197,-3.3498950004577637,-6.850337982177734,-3.4006712436676025,-6.130916118621826,-3.104724884033203,normal
normal__201105011626.wav,0.5648599863052368,0.02626901865005493,1070.1187586495275,1701.9051821875526,1820.4436312016753,0.04983111509342784,-356.0802917480469,155.43666076660156,10.134831428527832,10.18720817565918,3.134549856185913,23.906034469604492,7.247208595275879,3.1629302501678467,-7.054884433746338,0.5186032056808472,-0.6882705688476562,4.903390884399414,-1.1153454780578613,-0.40074673295021057,-5.556833267211914,-2.0117032527923584,-6.839768409729004,-4.734437942504883,-6.577592849731445,-1.316573143005371,normal
normal__201105021654.wav,0.6468124985694885,0.02208537980914116,2400.250609980634,2848.4751435012095,5796.987941576087,0.10167147871376811,-316.63616943359375,76.46675109863281,20.886234283447266,35.07365798950195,14.180797576904297,21.441347122192383,9.399992942810059,14.914645195007324,5.700841426849365,10.972212791442871,2.184474468231201,7.116658687591553,-1.2485113143920898,4.574258327484131,-2.8826093673706055,3.1416306495666504,-2.8682432174682617,2.8710522651672363,-3.3543262481689453,1.9562314748764038,normal
normal__201105021804.wav,0.5847427248954773,0.02247224934399128,1066.538253976617,1610.5761958290025,1684.6401568540593,0.05321636396585051,-347.8795471191406,166.34347534179688,4.945167541503906,3.519216537475586,-3.1550047397613525,11.903252601623535,-3.479440689086914,4.99256706237793,2.3254294395446777,3.2000508308410645,-4.997616291046143,2.9810802936553955,1.8016235828399658,0.8453208804130554,-6.129695415496826,-0.4103795886039734,-3.6160290241241455,-8.425813674926758,-15.594533920288086,-7.426304817199707,normal
normal__201105151450.wav,0.6007078886032104,0.005272975191473961,2206.160303116442,2568.7018964017643,4929.148963341346,0.14366135817307693,-468.5843200683594,92.3861083984375,10.904315948486328,27.04871368408203,9.584162712097168,15.52798080444336,2.1994972229003906,7.901978492736816,-1.3629416227340698,2.4576618671417236,-5.349307060241699,0.042237430810928345,-6.776849269866943,-0.5877832174301147,-7.622905731201172,-2.0519518852233887,-8.286081314086914,-2.748792886734009,-7.717922210693359,-2.2945914268493652,normal
normal__201106111136.wav,0.6347915530204773,0.06305436789989471,554.2190731599165,1309.6163954967546,796.3260258469626,0.017028238171728972,-371.42413330078125,154.92578125,36.203433990478516,19.12595558166504,38.29661178588867,34.35810089111328,18.228256225585938,8.866697311401367,10.847338676452637,10.172451972961426,2.9409658908843994,-0.9662880301475525,2.7075629234313965,5.959825038909912,1.4916877746582031,-3.7333505153656006,-3.1831371784210205,0.009786320850253105,0.1944343000650406,-1.4551072120666504,normal
normal__201106141148.wav,0.6175405979156494,0.015325534157454967,1556.7926710301629,2160.2626462076714,3421.999334519909,0.0843230216733871,-409.1756591796875,113.06954193115234,11.9701509475708,35.873538970947266,16.740989685058594,26.0612850189209,6.346586227416992,9.246561050415039,0.005908566061407328,5.54536771774292,-2.384798288345337,1.6461254358291626,-5.234206199645996,-0.10750669986009598,-4.663243293762207,-1.0128157138824463,-5.830142498016357,-1.5606619119644165,-5.805618762969971,-1.4338371753692627,normal
normal__201106151236.wav,0.6713385581970215,0.023374609649181366,2714.614275470292,2766.716179581546,5943.903262010262,0.19379226912313433,-442.7157287597656,74.74744415283203,14.524604797363281,26.389814376831055,8.93356704711914,10.375258445739746,3.4122915267944336,2.980159282684326,-1.410031795501709,-0.2027929276227951,-3.711050033569336,-2.402337074279785,-5.932273864746094,-3.8294968605041504,-6.676794052124023,-4.510471820831299,-5.854152679443359,-3.806708335876465,-5.28843879699707,-3.0573854446411133,normal
normal__201106210943.wav,0.7388315200805664,0.05287058278918266,1934.6324821458759,2681.4781127889,4824.37744140625,0.0533020988343254,-308.78253173828125,77.72557830810547,21.89884376525879,35.47065734863281,15.724103927612305,20.73280143737793,11.793573379516602,17.177095413208008,8.944263458251953,13.699113845825195,7.2964253425598145,10.567167282104492,4.294261932373047,8.696728706359863,3.3464062213897705,7.5960469245910645,2.391404628753662,6.988178730010986,1.1764873266220093,5.729208469390869,normal
normal__201106221418.wav,0.7324796915054321,0.024526193737983704,1352.005391362897,2178.0659403503196,3004.095741928808,0.06130354925496689,-419.5504150390625,105.30439758300781,17.094785690307617,26.7425537109375,14.502079010009766,16.917028427124023,15.234908103942871,20.618349075317383,15.246604919433594,16.068832397460938,9.300946235656738,9.389490127563477,3.7792840003967285,5.986788272857666,2.9728047847747803,6.512988567352295,3.1233248710632324,5.893777370452881,1.798693060874939,4.422483921051025,normal
normal__201106221450.wav,0.5491206049919128,0.030642416328191757,667.990197883034,1469.108925851319,950.9850570836018,0.03773860341494845,-496.2002258300781,117.35909271240234,60.9945182800293,46.99372863769531,37.26546859741211,23.385385513305664,17.6863956451416,12.089820861816406,6.759605884552002,3.4790592193603516,0.6950691342353821,-1.183066725730896,-3.034515619277954,-4.377606391906738,-5.274898052215576,-5.893483638763428,-5.887393951416016,-6.028015613555908,-6.026015281677246,-5.595464706420898,normal
normal__201108011112.wav,0.7501445412635803,0.042607564479112625,163.4888180585173,559.0694587966276,207.17837685032896,0.005251165021929825,-488.89300537109375,70.49678802490234,61.115638732910156,48.608245849609375,36.16366958618164,26.1439266204834,19.441011428833008,15.608654975891113,13.491036415100098,11.91572380065918,10.146004676818848,8.008609771728516,5.765208721160889,3.8513011932373047,2.60937762260437,2.1222031116485596,2.201033115386963,2.508328676223755,2.7317898273468018,2.7130961418151855,normal
normal__201108011114.wav,0.7096670866012573,0.028693445026874542,178.0854169580567,604.6975589311737,215.58388157894737,0.005829392817982456,-514.1181640625,78.26052856445312,65.29366302490234,48.99111557006836,34.15752410888672,23.675025939941406,17.888051986694336,15.208063125610352,13.603121757507324,11.784930229187012,9.490799903869629,6.975802898406982,4.627098560333252,2.7725932598114014,1.678109884262085,1.4163771867752075,1.7989271879196167,2.3711535930633545,2.700599431991577,2.5896151065826416,normal
normal__201108011115.wav,0.749909520149231,0.03703027963638306,156.60463354679658,553.2065241796989,190.99699321546052,0.005099826388888889,-513.7230224609375,79.56657409667969,66.51283264160156,50.07997512817383,35.127689361572266,24.58368682861328,18.782121658325195,16.159151077270508,14.645867347717285,12.889347076416016,10.591395378112793,8.037332534790039,5.586456298828125,3.5794785022735596,2.3465545177459717,2.0014798641204834,2.2800698280334473,2.7087583541870117,2.90619158744812,2.7295312881469727,normal
normal__201108011118.wav,0.7825738191604614,0.05773214250802994,137.1409731783801,491.29273475301386,167.4489874588816,0.004612972861842105,-502.9721374511719,78.20854949951172,67.18192291259766,52.76824188232422,38.912696838378906,28.290302276611328,21.637802124023438,18.019746780395508,15.884182929992676,13.910796165466309,11.527196884155273,8.773324966430664,6.079977989196777,3.896681070327759,2.5545096397399902,2.066241502761841,2.185732364654541,2.470625638961792,2.583120822906494,2.39927339553833,normal
